{"files":{"application-993acd1f80db3d3e8533bd15ad9456ed.js":{"logical_path":"application.js","mtime":"2016-11-18T14:06:18-05:00","size":336582,"digest":"993acd1f80db3d3e8533bd15ad9456ed"},"application-c394c8915c75ddda0a935019ae6c8a05.css":{"logical_path":"application.css","mtime":"2016-11-18T13:53:54-05:00","size":2609,"digest":"c394c8915c75ddda0a935019ae6c8a05"}},"assets":{"application.js":"application-993acd1f80db3d3e8533bd15ad9456ed.js","application.css":"application-c394c8915c75ddda0a935019ae6c8a05.css"}}